{
  "src": [
    "sprite.webm",
    "sprite.mp3"
  ],
  "sprite": {
    "loop10": [
      0,
      10055.986394557824
    ],
    "loop11": [
      12000,
      10055.986394557824
    ],
    "loop12": [
      24000,
      10055.98639455782
    ],
    "loop13": [
      36000,
      10055.98639455782
    ],
    "loop14": [
      48000,
      10055.98639455782
    ],
    "loop15": [
      60000,
      10055.98639455782
    ],
    "loop16": [
      72000,
      10055.98639455782
    ],
    "loop17": [
      84000,
      10055.98639455782
    ],
    "loop18": [
      96000,
      10055.98639455782
    ],
    "loop19": [
      108000,
      10057.14285714285
    ],
    "loop1": [
      120000,
      10055.986394557835
    ],
    "loop2": [
      132000,
      10055.986394557835
    ],
    "loop3": [
      144000,
      10055.986394557835
    ],
    "loop4": [
      156000,
      10055.986394557835
    ],
    "loop5": [
      168000,
      10055.986394557835
    ],
    "loop6": [
      180000,
      10055.986394557835
    ],
    "loop7": [
      192000,
      10055.986394557835
    ],
    "loop8": [
      204000,
      10055.986394557835
    ],
    "loop9": [
      216000,
      10055.986394557835
    ]
  }
}